start_node,end_node,preprocessing_time (ms),execution_time (ms),explored_nodes,space_occupation (Byte),space_preprocessing (Byte),space_query (Byte)
7458,1373,1530169.4447994232,1.2431144714355469,2,2843060,1213020,1630040
7960,7580,1530169.4447994232,1.1131763458251953,2,2843060,1213020,1630040
6839,2638,1530169.4447994232,1.4488697052001953,2,2843060,1213020,1630040
