tot nodes,start_node,end_node,preproccessing_time (ms),execution_time (ms),explored_nodes,space_occupation (Byte):
10000,7458,1373,0,25.37703514099121,1939,1475580
10000,7960,7580,0,1.3167858123779297,5,1390012
10000,6839,2638,0,19.43182945251465,5387,1461496
