start_node,end_node,execution_time (ms),explored_nodes,preproccessing_time,space_occupation (Byte):
6,4,0.5600452423095703,30,0,2648
18,12,0.3306865692138672,23,0,2808
14,17,0.3237724304199219,23,0,2808
7,28,0.39267539978027344,28,0,2648
14,6,0.08630752563476562,5,0,2712
23,29,0.1010894775390625,6,0,2808
10,24,0.3323554992675781,24,0,2648
26,5,0.1575946807861328,10,0,2808
16,7,0.3695487976074219,27,0,2584
11,13,0.4062652587890625,29,0,2648
